{
    "accuracy": 0.6024096385542169,
    "precision": 0.5,
    "recall": 0.36363636363636365,
    "f1_score": 0.42105263157894735,
    "roc_auc": 0.516969696969697
}